Cluster_Label,Proposed_RO_Lat,Proposed_RO_Lon,Target_Customers
0,19.35857714272396,73.43321079128218,313
2,21.212521572896026,79.20473988190597,71
7,17.766090068152415,75.80336681087921,53
4,19.819442443043158,75.22832220182937,51
5,16.975348280719523,74.37446070901163,35
8,21.023196823051226,77.92849782085699,34
1,18.12456799770032,73.75983753283965,26
6,16.451376992173074,74.10863027972908,16
9,20.695556252551924,77.5332062773639,16
